{
  "mse": 0.0018500818405300379,
  "direction_accuracy": 0.4997321279314635,
  "n_samples": 14928
}