{
  "linear_mse": 0.03530566394329071,
  "linear_dir": 0.5635977913397269,
  "lstm_mse": 0.0008437925134785473,
  "lstm_dir": 0.5980993897122929,
  "ensemble_mse": 0.009529570117592812,
  "ensemble_dir": 0.5873060156931125,
  "ensemble_weights": [
    0.5,
    0.5
  ]
}